observations,alpha_level,n_breach,old_p,corrected_p
249,0.95,0,0.0,4.3239502287143684e-7
249,0.95,1,1.7886504964435054e-5,1.7886504964435054e-5
249,0.95,2,0.00017889623479885443,0.00017889623479885443
249,0.95,3,0.0010518815710666646,0.0010518815710666646
249,0.95,4,0.0043902699467094665,0.0043902699467094665
249,0.95,5,0.014230018299642308,0.014230018299642308
249,0.95,6,0.037783077901339515,0.037783077901339515
249,0.95,7,0.08517576451151024,0.08517576451151024
249,0.95,8,0.16732712193305063,0.16732712193305063
249,0.95,9,0.29226779793371693,0.29226779793371693
249,0.95,10,0.46136651362891146,0.46136651362891146
249,0.95,11,0.667354389490916,0.667354389490916
249,0.95,12,0.8952958815002988,0.8952958815002988
249,0.95,13,0.8738030079606709,0.8738030079606709
249,0.95,14,0.6582908054385292,0.6582908054385292
249,0.95,15,0.47192052681838975,0.47192052681838975
249,0.95,16,0.3218721572152675,0.3218721572152675
249,0.95,17,0.20892820610095103,0.20892820610095103
249,0.95,18,0.1291504098622881,0.1291504098622881
249,0.95,19,0.07609641319043131,0.07609641319042866
249,0.95,20,0.042780723038615916,0.042780723038615916
249,0.95,21,0.022973543387554644,0.022973543387555397
249,0.95,22,0.011797774263394619,0.011797774263394619
249,0.95,23,0.005800478361874923,0.005800478361874923
249,0.95,24,0.0027334619391749635,0.0027334619391749635
249,0.95,25,0.0012360339010070844,0.0012360339010070844
249,0.95,26,0.0005368879847994828,0.0005368879847994828
249,0.95,27,0.00022424552866249709,0.00022424552866249709
249,0.95,28,9.015367917037124e-5,9.015367917037124e-5
249,0.95,29,3.492021245763803e-5,3.492021245763803e-5
249,0.95,30,1.3043668275522497e-5,1.304366827552306e-5
249,0.95,31,4.702508286561509e-6,4.702508286561509e-6
249,0.95,32,1.6376693851720898e-6,1.6376693851720898e-6
249,0.95,33,5.513566917879109e-7,5.513566917879109e-7
249,0.95,34,1.7958726430039156e-7,1.7958726430039156e-7
249,0.95,35,5.663255452196678e-8,5.663255452196678e-8
249,0.95,36,1.7302191410286725e-8,1.7302191410286725e-8
249,0.95,37,5.124637445024415e-9,5.124637445024415e-9
249,0.95,38,1.472386584957271e-9,1.472386584957271e-9
249,0.95,39,4.106146356828188e-10,4.106146356828188e-10
249,0.95,40,1.1121064073495126e-10,1.1121064073495126e-10
249,0.95,41,2.92679309831386e-11,2.92679309831386e-11
249,0.95,42,7.488510388942443e-12,7.488510388942443e-12
249,0.95,43,1.863677228657584e-12,1.863677228657584e-12
249,0.95,44,4.513595205890716e-13,4.513595205890716e-13
249,0.95,45,1.0642585804052232e-13,1.0642585804052232e-13
249,0.95,46,2.4441735153295217e-14,2.4441735153295217e-14
249,0.95,47,5.469618474456338e-15,5.469618474456338e-15
249,0.95,48,1.1931485430718314e-15,1.1931485430718314e-15
249,0.95,49,2.538106121006898e-16,2.538106121006898e-16
249,0.95,50,5.266977057561868e-17,5.266977057561868e-17
249,0.95,51,1.0666003706902482e-17,1.0666003706902482e-17
249,0.95,52,2.1085161385832623e-18,2.108516138583309e-18
249,0.95,53,4.070310544491467e-19,4.070310544491467e-19
249,0.95,54,7.675181581896957e-20,7.675181581896957e-20
249,0.95,55,1.4141327454725983e-20,1.4141327454725983e-20
249,0.95,56,2.546578602478941e-21,2.546578602478941e-21
249,0.95,57,4.483422488033013e-22,4.483422488033013e-22
249,0.95,58,7.719047790841594e-23,7.719047790841594e-23
249,0.95,59,1.299962475170469e-23,1.2999624751704195e-23
249,0.95,60,2.1419946611228456e-24,2.1419946611228456e-24
249,0.95,61,3.4540609278899744e-25,3.4540609278899744e-25
249,0.95,62,5.4521209014954e-26,5.4521209014954e-26
249,0.95,63,8.425993079938167e-27,8.425993079938167e-27
249,0.95,64,1.2752334600644137e-27,1.2752334600644137e-27
249,0.95,65,1.8904310833205978e-28,1.8904310833205978e-28
249,0.95,66,2.7454970016652087e-29,2.7454970016652087e-29
249,0.95,67,3.90709058643582e-30,3.90709058643582e-30
249,0.95,68,5.449276950206876e-31,5.449276950206717e-31
249,0.95,69,7.449976453690633e-32,7.449976453690633e-32
249,0.95,70,9.985655645433991e-33,9.985655645434292e-33
249,0.95,71,1.3124307719820297e-33,1.3124307719820297e-33
249,0.95,72,1.691703867039709e-34,1.691703867039709e-34
249,0.95,73,2.1388877268250032e-35,2.1388877268250032e-35
249,0.95,74,2.652971750087942e-36,2.6529717500880262e-36
249,0.95,75,3.2286525159614208e-37,3.2286525159614208e-37
249,0.95,76,3.8558038547176086e-38,3.8558038547176086e-38
249,0.95,77,4.5193120246758454e-39,4.5193120246756954e-39
249,0.95,78,5.199364914353433e-40,5.199364914353433e-40
249,0.95,79,5.872238877810931e-41,5.872238877810931e-41
249,0.95,80,6.511567575021915e-42,6.511567575021915e-42
249,0.95,81,7.09001195404301e-43,7.09001195404301e-43
249,0.95,82,7.581189370228771e-44,7.581189370228771e-44
249,0.95,83,7.961673280300473e-45,7.961673280300757e-45
249,0.95,84,8.212851821257555e-46,8.212851821257555e-46
249,0.95,85,8.32243921645123e-47,8.32243921645123e-47
249,0.95,86,8.2854689042699e-48,8.285468904269596e-48
249,0.95,87,8.10465702920817e-49,8.10465702920817e-49
249,0.95,88,7.790100572446723e-50,7.790100572446723e-50
249,0.95,89,7.358354289921984e-51,7.358354289921984e-51
249,0.95,90,6.831002567641957e-52,6.831002567641957e-52
249,0.95,91,6.232895783366951e-53,6.232895783366951e-53
249,0.95,92,5.590248795809328e-54,5.590248795809765e-54
249,0.95,93,4.928799366744764e-55,4.928799366744764e-55
249,0.95,94,4.2721989394140885e-56,4.2721989394140885e-56
249,0.95,95,3.6407634037649106e-57,3.6407634037649106e-57
249,0.95,96,3.0506558396244057e-58,3.0506558396244057e-58
249,0.95,97,2.513515960745141e-59,2.513515960745141e-59
249,0.95,98,2.0365003010287049e-60,2.0365003010287049e-60
249,0.95,99,1.6226590609569785e-61,1.622659060956911e-61
249,0.95,100,1.2715530539261062e-62,1.2715530539261062e-62
249,0.95,101,9.80007546041314e-64,9.800075460413973e-64
249,0.95,102,7.429067633843349e-65,7.429067633843349e-65
249,0.95,103,5.539496813345678e-66,5.539496813345678e-66
249,0.95,104,4.063100182692789e-67,4.063100182692789e-67
249,0.95,105,2.9316695041670976e-68,2.9316695041670976e-68
249,0.95,106,2.080945867781428e-69,2.080945867781428e-69
249,0.95,107,1.4531547643744458e-70,1.4531547643744458e-70
249,0.95,108,9.983533793489109e-72,9.983533793488658e-72
249,0.95,109,6.748279874494444e-73,6.748279874494444e-73
249,0.95,110,4.487994485582167e-74,4.487994485582167e-74
249,0.95,111,2.9368047899674437e-75,2.9368047899674437e-75
249,0.95,112,1.890921637557709e-76,1.890921637557709e-76
249,0.95,113,1.1980056795261121e-77,1.1980056795261121e-77
249,0.95,114,7.468637660182432e-79,7.468637660182432e-79
249,0.95,115,4.5817397735786444e-80,4.5817397735786444e-80
249,0.95,116,2.765886745567252e-81,2.765886745567252e-81
249,0.95,117,1.6430880195390228e-82,1.6430880195389435e-82
249,0.95,118,9.605419511389211e-84,9.605419511389211e-84
249,0.95,119,5.52594586710424e-85,5.52594586710424e-85
249,0.95,120,3.1285025062911573e-86,3.1285025062911573e-86
249,0.95,121,1.743050210326994e-87,1.743050210326994e-87
249,0.95,122,9.557181274742331e-89,9.557181274742331e-89
249,0.95,123,5.157015330984046e-90,5.157015330984046e-90
249,0.95,124,2.7385264800398955e-91,2.7385264800398955e-91
249,0.95,125,1.4311519733456504e-92,1.4311519733456504e-92
249,0.95,126,7.360449325458191e-94,7.360449325458191e-94
249,0.95,127,3.725385803186747e-95,3.725385803186747e-95
249,0.95,128,1.8555994740771748e-96,1.8555994740771748e-96
249,0.95,129,9.095783118188419e-98,9.095783118188419e-98
249,0.95,130,4.387677939783611e-99,4.3876779397833774e-99
249,0.95,131,2.0828749811910138e-100,2.0828749811910138e-100
249,0.95,132,9.7301515475386e-102,9.7301515475386e-102
249,0.95,133,4.472982164418077e-103,4.472982164418077e-103
249,0.95,134,2.023430074590566e-104,2.023430074590566e-104
249,0.95,135,9.007081716534159e-106,9.007081716534159e-106
249,0.95,136,3.9452574296595375e-107,3.9452574296595375e-107
249,0.95,137,1.7004014808882615e-108,1.7004014808883565e-108
249,0.95,138,7.211092932663881e-110,7.211092932663881e-110
249,0.95,139,3.008928433608075e-111,3.008928433608075e-111
249,0.95,140,1.2352943996490558e-112,1.2352943996490558e-112
249,0.95,141,4.9895648083540846e-114,4.9895648083540846e-114
249,0.95,142,1.9827739211061369e-115,1.9827739211061369e-115
249,0.95,143,7.751501307689778e-117,7.751501307689778e-117
249,0.95,144,2.9811463997917834e-118,2.9811463997917834e-118
249,0.95,145,1.1278396902720831e-119,1.1278396902720831e-119
249,0.95,146,4.197191040169576e-121,4.197191040169576e-121
249,0.95,147,1.5363743432097156e-122,1.5363743432097156e-122
249,0.95,148,5.531474130169967e-124,5.531474130169967e-124
249,0.95,149,1.9586992404348775e-125,1.9586992404348775e-125
249,0.95,150,6.821094211238756e-127,6.821094211238756e-127
249,0.95,151,2.336011805528235e-128,2.336011805528235e-128
249,0.95,152,7.866921785394198e-130,7.866921785394198e-130
249,0.95,153,2.6050520008751146e-131,2.6050520008751146e-131
249,0.95,154,8.48167221749981e-133,8.48167221749981e-133
249,0.95,155,2.715005002689645e-134,2.715005002689645e-134
249,0.95,156,8.54384060490001e-136,8.54384060490001e-136
249,0.95,157,2.642999083509818e-137,2.6429990835101496e-137
249,0.95,158,8.036537449057409e-139,8.036537449057409e-139
249,0.95,159,2.4017864817974766e-140,2.4017864817977814e-140
249,0.95,160,7.05435468186284e-142,7.05435468186284e-142
249,0.95,161,2.0361054404994406e-143,2.0361054404994406e-143
249,0.95,162,5.7746342115069596e-145,5.7746342115069596e-145
249,0.95,163,1.6091244085035503e-146,1.6091244085035503e-146
249,0.95,164,4.405080603931868e-148,4.405080603931868e-148
249,0.95,165,1.1846056317694294e-149,1.1846056317694294e-149
249,0.95,166,3.128991747202569e-151,3.128991747202569e-151
249,0.95,167,8.117065906886935e-153,8.117065906886935e-153
249,0.95,168,2.0678040861259695e-154,2.067804086126245e-154
249,0.95,169,5.172318283048909e-156,5.172318283048909e-156
249,0.95,170,1.2702075444335843e-157,1.2702075444335843e-157
249,0.95,171,3.0621320263159414e-159,3.0621320263159414e-159
249,0.95,172,7.245646813809359e-161,7.245646813809359e-161
249,0.95,173,1.6825837113236412e-162,1.6825837113236412e-162
249,0.95,174,3.834093013798316e-164,3.834093013798316e-164
249,0.95,175,8.57182078541191e-166,8.57182078541191e-166
249,0.95,176,1.879939188583792e-167,1.879939188583792e-167
249,0.95,177,4.0439735188555114e-169,4.0439735188555114e-169
249,0.95,178,8.530955957280585e-171,8.530955957280585e-171
249,0.95,179,1.764577024781925e-172,1.764577024781925e-172
249,0.95,180,3.578187656061894e-174,3.578187656061894e-174
249,0.95,181,7.111947529720782e-176,7.11194752971977e-176
249,0.95,182,1.385279748263958e-177,1.385279748263958e-177
249,0.95,183,2.6437939311368915e-179,2.6437939311368915e-179
249,0.95,184,4.94280553276704e-181,4.94280553276704e-181
249,0.95,185,9.050794876587212e-183,9.050794876587212e-183
249,0.95,186,1.6228387223454558e-184,1.6228387223454558e-184
249,0.95,187,2.8486832172666476e-186,2.8486832172666476e-186
249,0.95,188,4.894340866973155e-188,4.894340866973155e-188
249,0.95,189,8.228541323516309e-190,8.228541323516309e-190
249,0.95,190,1.3533915157659356e-191,1.3533915157659356e-191
249,0.95,191,2.1771342640493248e-193,2.1771342640493248e-193
249,0.95,192,3.424467121278301e-195,3.424467121278301e-195
249,0.95,193,5.265348134430791e-197,5.265348134430791e-197
249,0.95,194,7.911574922779876e-199,7.911574922779876e-199
249,0.95,195,1.1613709377974237e-200,1.1613709377974237e-200
249,0.95,196,1.6650073878508848e-202,1.6650073878508848e-202
249,0.95,197,2.3305476511672395e-204,2.3305476511672395e-204
249,0.95,198,3.183830033521028e-206,3.183830033521028e-206
249,0.95,199,4.243644420530193e-208,4.243644420530193e-208
249,0.95,200,5.516527824117832e-210,5.516527824117832e-210
249,0.95,201,6.991394021333875e-212,6.991394021333875e-212
249,0.95,202,8.634929763439104e-214,8.634929763439104e-214
249,0.95,203,1.0388883106281759e-215,1.0388883106281759e-215
249,0.95,204,1.2170359390383542e-217,1.2170359390383542e-217
249,0.95,205,1.3875954721316674e-219,1.3875954721316674e-219
249,0.95,206,1.5389980154197385e-221,1.5389980154197385e-221
249,0.95,207,1.6596229661438635e-223,1.6596229661438635e-223
249,0.95,208,1.739187631579393e-225,1.739187631579393e-225
249,0.95,209,1.770136112103355e-227,1.770136112103355e-227
249,0.95,210,1.748779219543874e-229,1.748779219543874e-229
249,0.95,211,1.6759559146909173e-231,1.6759559146909173e-231
249,0.95,212,1.5570620007747921e-233,1.5570620007747921e-233
249,0.95,213,1.401410620035546e-235,1.401410620035546e-235
249,0.95,214,1.2210242422703395e-237,1.2210242422703395e-237
249,0.95,215,1.0290749579214267e-239,1.0290749579214267e-239
249,0.95,216,8.382578740321564e-242,8.382578740321564e-242
249,0.95,217,6.593834045974893e-244,6.593834045974893e-244
249,0.95,218,5.00409610303019e-246,5.00409610303019e-246
249,0.95,219,3.660255399530483e-248,3.660255399530483e-248
249,0.95,220,2.5777263018263492e-250,2.5777263018263492e-250
249,0.95,221,1.745866713096029e-252,1.745866713096029e-252
249,0.95,222,1.135815106573434e-254,1.135815106573434e-254
249,0.95,223,7.088594035821503e-257,7.088594035821503e-257
249,0.95,224,4.237968837533088e-259,4.237968837533088e-259
249,0.95,225,2.423484310071717e-261,2.423484310071717e-261
249,0.95,226,1.3234002095676264e-263,1.3234002095676264e-263
249,0.95,227,6.888605126242472e-266,6.888605126242472e-266
249,0.95,228,3.4112164931264527e-268,3.411216493127053e-268
249,0.95,229,1.6035848328820204e-270,1.6035848328820204e-270
249,0.95,230,7.139235058640102e-273,7.139235058640102e-273
249,0.95,231,3.002283308726182e-275,3.002283308726182e-275
249,0.95,232,1.1891252203593365e-277,1.1891252203593365e-277
249,0.95,233,4.421453854869114e-280,4.421453854869114e-280
249,0.95,234,1.5377001274800905e-282,1.5377001274800905e-282
249,0.95,235,4.981278062937129e-285,4.981278062937129e-285
249,0.95,236,1.4959123354478277e-287,1.4959123354478277e-287
249,0.95,237,4.141725370025875e-290,4.141725370025875e-290
249,0.95,238,1.050459762933263e-292,1.050459762933263e-292
249,0.95,239,2.4221640961445194e-295,2.4221640961445194e-295
249,0.95,240,5.0314449143719e-298,5.0314449143719e-298
249,0.95,241,9.311055858825568e-301,9.311055858825568e-301
249,0.95,242,1.5137412906325828e-303,1.5137412906325828e-303
249,0.95,243,2.1233803237498656e-306,2.1233803237498656e-306
249,0.95,244,2.50877547985296e-309,2.50877547985296e-309
249,0.95,245,2.4133800463e-312,2.4133800463e-312
249,0.95,246,1.79566942e-315,1.79566942e-315
249,0.95,247,9.4713e-319,9.4713e-319
249,0.95,248,2.96e-322,2.96e-322
249,0.95,249,0.0,0.0
249,0.99,0,0.0,0.025273221507228338
249,0.99,1,0.2805502140396245,0.2805502140396245
249,0.99,2,0.7465754233039753,0.7465754233039753
249,0.99,3,0.7529927774989706,0.7529927774989706
249,0.99,4,0.3767250151997476,0.3767250151997476
249,0.99,5,0.15968607366311205,0.15968607366311205
249,0.99,6,0.058340691833682165,0.058340691833682165
249,0.99,7,0.01865250719210097,0.01865250719210097
249,0.99,8,0.005286790350126885,0.005286790350126885
249,0.99,9,0.0013430457582193375,0.0013430457582193375
249,0.99,10,0.0003086427082054776,0.0003086427082054776
249,0.99,11,6.467125038001359e-5,6.467125038001359e-5
249,0.99,12,1.2439194672355949e-5,1.2439194672355949e-5
249,0.99,13,2.2092078401177524e-6,2.2092078401177524e-6
249,0.99,14,3.6412847095021805e-7,3.6412847095021805e-7
249,0.99,15,5.594820651562123e-8,5.594820651562123e-8
249,0.99,16,8.045350994571865e-9,8.045350994571865e-9
249,0.99,17,1.0865630430887918e-9,1.0865630430887918e-9
249,0.99,18,1.3825431886185722e-10,1.3825431886185722e-10
249,0.99,19,1.662040143462363e-11,1.6620401434623198e-11
249,0.99,20,1.892562497153979e-12,1.892562497153979e-12
249,0.99,21,2.0460176894666239e-13,2.0460176894666814e-13
249,0.99,22,2.1044293011201987e-14,2.1044293011201987e-14
249,0.99,23,2.0633001112462253e-15,2.0633001112462253e-15
249,0.99,24,1.9317999673782645e-16,1.9317999673782645e-16
249,0.99,25,1.7299812479466094e-17,1.7299812479466094e-17
249,0.99,26,1.4840683477970112e-18,1.4840683477970112e-18
249,0.99,27,1.2212518709028295e-19,1.2212518709028295e-19
249,0.99,28,9.652899470125663e-21,9.652899470125663e-21
249,0.99,29,7.337279174407663e-22,7.337279174407663e-22
249,0.99,30,5.369396499777349e-23,5.369396499777618e-23
249,0.99,31,3.7869169111992805e-24,3.7869169111992805e-24
249,0.99,32,2.5765810079564907e-25,2.5765810079564907e-25
249,0.99,33,1.6927823682487032e-26,1.6927823682487032e-26
249,0.99,34,1.0748189712336722e-27,1.0748189712336722e-27
249,0.99,35,6.600882047320002e-29,6.600882047320002e-29
249,0.99,36,3.924067449372521e-30,3.924067449372521e-30
249,0.99,37,2.25972506846359e-31,2.25972506846359e-31
249,0.99,38,1.2614180883201812e-32,1.2614180883201812e-32
249,0.99,39,6.830156120778219e-34,6.830156120778219e-34
249,0.99,40,3.5895455347506894e-35,3.5895455347506894e-35
249,0.99,41,1.832065819344454e-36,1.832065819344454e-36
249,0.99,42,9.086116210416465e-38,9.086116210416465e-38
249,0.99,43,4.381089761732125e-39,4.381089761732125e-39
249,0.99,44,2.054814841422015e-40,2.054814841422015e-40
249,0.99,45,9.379067333094676e-42,9.379067333094676e-42
249,0.99,46,4.16814806384084e-43,4.16814806384084e-43
249,0.99,47,1.8043227473440286e-44,1.8043227473440286e-44
249,0.99,48,7.611241726302856e-46,7.611241726302856e-46
249,0.99,49,3.1299805820042997e-47,3.1299805820042997e-47
249,0.99,50,1.2552774931611899e-48,1.2552774931611899e-48
249,0.99,51,4.9114516690125295e-50,4.9114516690125295e-50
249,0.99,52,1.8754497517303806e-51,1.875449751730452e-51
249,0.99,53,6.991550581118341e-53,6.991550581118341e-53
249,0.99,54,2.545395156012056e-54,2.545395156012056e-54
249,0.99,55,9.05286489022383e-56,9.05286489022383e-56
249,0.99,56,3.146270837453035e-57,3.146270837453035e-57
249,0.99,57,1.068834479464202e-58,1.068834479464202e-58
249,0.99,58,3.5501712833702513e-60,3.5501712833702513e-60
249,0.99,59,1.1532628066094289e-61,1.1532628066093805e-61
249,0.99,60,3.6648706423493807e-63,3.6648706423493807e-63
249,0.99,61,1.1395870171851145e-64,1.1395870171851145e-64
249,0.99,62,3.468150517573208e-66,3.468150517573208e-66
249,0.99,63,1.0332592869010866e-67,1.0332592869010866e-67
249,0.99,64,3.0142366382687417e-69,3.0142366382687417e-69
249,0.99,65,8.611806600430311e-71,8.611806600430311e-71
249,0.99,66,2.410177478965098e-72,2.410177478965098e-72
249,0.99,67,6.6088725028082855e-74,6.6088725028082855e-74
249,0.99,68,1.775873536060772e-75,1.7758735360606896e-75
249,0.99,69,4.677166267953047e-77,4.677166267953047e-77
249,0.99,70,1.20758216494126e-78,1.20758216494126e-78
249,0.99,71,3.0569475165079184e-80,3.0569475165079184e-80
249,0.99,72,7.588717729075466e-82,7.588717729075466e-82
249,0.99,73,1.847681712273139e-83,1.847681712273139e-83
249,0.99,74,4.412971134060588e-85,4.412971134060806e-85
249,0.99,75,1.0340574904839522e-86,1.0340574904839522e-86
249,0.99,76,2.377553129569627e-88,2.377553129569627e-88
249,0.99,77,5.364729709618715e-90,5.364729709618443e-90
249,0.99,78,1.1881070495605888e-91,1.1881070495605888e-91
249,0.99,79,2.5829110068021703e-93,2.5829110068021703e-93
249,0.99,80,5.5126896537017217e-95,5.5126896537017217e-95
249,0.99,81,1.1552343145382698e-96,1.1552343145382698e-96
249,0.99,82,2.3772750668376665e-98,2.3772750668376665e-98
249,0.99,83,4.804411793726351e-100,4.804411793726609e-100
249,0.99,84,9.536726976100339e-102,9.536726976100339e-102
249,0.99,85,1.8595251222258172e-103,1.8595251222258172e-103
249,0.99,86,3.561983882626123e-105,3.561983882625928e-105
249,0.99,87,6.703646484162781e-107,6.703646484162781e-107
249,0.99,88,1.239652724118677e-108,1.239652724118677e-108
249,0.99,89,2.2526711557893422e-110,2.2526711557893422e-110
249,0.99,90,4.0229253744634363e-112,4.0229253744634363e-112
249,0.99,91,7.06104142670537e-114,7.06104142670537e-114
249,0.99,92,1.2181841878025973e-115,1.2181841878027375e-115
249,0.99,93,2.0658940324894514e-117,2.0658940324894514e-117
249,0.99,94,3.4441825973904256e-119,3.4441825973904256e-119
249,0.99,95,5.645185503262241e-121,5.645185503262241e-121
249,0.99,96,9.097327242832231e-123,9.097327242832231e-123
249,0.99,97,1.4415223128508053e-124,1.4415223128508053e-124
249,0.99,98,2.246094769971249e-126,2.246094769971249e-126
249,0.99,99,3.4415966296411195e-128,3.4415966296411195e-128
249,0.99,100,5.1861123190125255e-130,5.1861123190125255e-130
249,0.99,101,7.685952101359904e-132,7.685952101360848e-132
249,0.99,102,1.1203400688458267e-133,1.1203400688458267e-133
249,0.99,103,1.606275547290871e-135,1.606275547290871e-135
249,0.99,104,2.2653154307587606e-137,2.2653154307587606e-137
249,0.99,105,3.142644030282372e-139,3.142644030282372e-139
249,0.99,106,4.288821270457511e-141,4.288821270457511e-141
249,0.99,107,5.758035100399934e-143,5.758035100399934e-143
249,0.99,108,7.605374667452849e-145,7.605374667452849e-145
249,0.99,109,9.883077758322384e-147,9.883077758322384e-147
249,0.99,110,1.2635821034822389e-148,1.2635821034822389e-148
249,0.99,111,1.5895264736163438e-150,1.5895264736163438e-150
249,0.99,112,1.96742206732804e-152,1.96742206732804e-152
249,0.99,113,2.396096256725634e-154,2.396096256725634e-154
249,0.99,114,2.871431536155819e-156,2.871431536155819e-156
249,0.99,115,3.3860218175253782e-158,3.3860218175253782e-158
249,0.99,116,3.929043081881182e-160,3.929043081881182e-160
249,0.99,117,4.486393191872735e-162,4.486393191872122e-162
249,0.99,118,5.041133686218785e-164,5.041133686218785e-164
249,0.99,119,5.574236150860941e-166,5.574236150860941e-166
249,0.99,120,6.065600490906421e-168,6.065600490906421e-168
249,0.99,121,6.495276641439503e-170,6.495276641439503e-170
249,0.99,122,6.84479018530889e-172,6.84479018530889e-172
249,0.99,123,7.098451077095259e-174,7.098451077095259e-174
249,0.99,124,7.244517221729957e-176,7.244517221729957e-176
249,0.99,125,7.276093164163179e-178,7.276093164163179e-178
249,0.99,126,7.191668357964302e-180,7.191668357964302e-180
249,0.99,127,6.995236646323384e-182,6.995236646323384e-182
249,0.99,128,6.695983828724528e-184,6.695983828724528e-184
249,0.99,129,6.307577265993991e-186,6.307577265993991e-186
249,0.99,130,5.847133848518873e-188,5.847133848518873e-188
249,0.99,131,5.333974561484158e-190,5.333974561484158e-190
249,0.99,132,4.788291311256984e-192,4.788291311256984e-192
249,0.99,133,4.229852961591267e-194,4.229852961591267e-194
249,0.99,134,3.67686351067505e-196,3.67686351067505e-196
249,0.99,135,3.145059080112553e-198,3.145059080112553e-198
249,0.99,136,2.6470964935020256e-200,2.6470964935020256e-200
249,0.99,137,2.1922499703451824e-202,2.1922499703451824e-202
249,0.99,138,1.7863988773453637e-204,1.7863988773453637e-204
249,0.99,139,1.4322625736973976e-206,1.4322625736973976e-206
249,0.99,140,1.1298206544470559e-208,1.1298206544470559e-208
249,0.99,141,8.768491450671092e-211,8.768491450671092e-211
249,0.99,142,6.695046951375432e-213,6.695046951375432e-213
249,0.99,143,5.028976568534525e-215,5.028976568534525e-215
249,0.99,144,3.716085522180085e-217,3.716085522180085e-217
249,0.99,145,2.701181283203334e-219,2.701181283203334e-219
249,0.99,146,1.931365680105378e-221,1.931365680105378e-221
249,0.99,147,1.3583065183654472e-223,1.3583065183654472e-223
249,0.99,148,9.395766972928042e-226,9.395766972928042e-226
249,0.99,149,6.392127944780314e-228,6.392127944780314e-228
249,0.99,150,4.276750709346441e-230,4.276750709346441e-230
249,0.99,151,2.813928287442899e-232,2.813928287442899e-232
249,0.99,152,1.8206100484546328e-234,1.8206100484546328e-234
249,0.99,153,1.1582403834497856e-236,1.1582403834497856e-236
249,0.99,154,7.244862863810492e-239,7.244862863810492e-239
249,0.99,155,4.4553513027353614e-241,4.4553513027353614e-241
249,0.99,156,2.693539993175818e-243,2.693539993175818e-243
249,0.99,157,1.6007469709871308e-245,1.6007469709871308e-245
249,0.99,158,9.350751699950189e-248,9.350751699950189e-248
249,0.99,159,5.368591870463609e-250,5.368591870464521e-250
249,0.99,160,3.029202904600848e-252,3.029202904600848e-252
249,0.99,161,1.6796280839744408e-254,1.6796280839744408e-254
249,0.99,162,9.151155049911859e-257,9.151155049911859e-257
249,0.99,163,4.8986507553040556e-259,4.8986507553040556e-259
249,0.99,164,2.576161311558138e-261,2.576161311558138e-261
249,0.99,165,1.33082916765285e-263,1.33082916765285e-263
249,0.99,166,6.752728810280314e-266,6.752728810280314e-266
249,0.99,167,3.365095943885955e-268,3.365095943885955e-268
249,0.99,168,1.6467528866363323e-270,1.6467528866363323e-270
249,0.99,169,7.91265428344242e-273,7.91265428344242e-273
249,0.99,170,3.7327322898973175e-275,3.7327322898973175e-275
249,0.99,171,1.728576622070733e-277,1.728576622070733e-277
249,0.99,172,7.856911706088342e-280,7.856911706088342e-280
249,0.99,173,3.5047646541288494e-282,3.5047646541288494e-282
249,0.99,174,1.5340864348983874e-284,1.5340864348983874e-284
249,0.99,175,6.58814072312355e-287,6.58814072312355e-287
249,0.99,176,2.775452734570475e-289,2.775452734570475e-289
249,0.99,177,1.1468227346381153e-291,1.1468227346381153e-291
249,0.99,178,4.6470934708806675e-294,4.6470934708806675e-294
249,0.99,179,1.8463662847582563e-296,1.8463662847582563e-296
249,0.99,180,7.191703206564737e-299,7.191703206564737e-299
249,0.99,181,2.745658451867169e-301,2.7456584518666568e-301
249,0.99,182,1.0272656204779533e-303,1.0272656204779533e-303
249,0.99,183,3.765808215530643e-306,3.765808215530643e-306
249,0.99,184,1.3523450950710153e-308,1.3523450950710153e-308
249,0.99,185,4.7564426985706e-311,4.7564426985706e-311
249,0.99,186,1.63813855786e-313,1.63813855786e-313
249,0.99,187,5.52328416e-316,5.52328416e-316
249,0.99,188,1.822737e-318,1.822737e-318
249,0.99,189,5.884e-321,5.884e-321
249,0.99,190,2.0e-323,2.0e-323
249,0.99,191,0.0,0.0
249,0.99,192,0.0,0.0
249,0.99,193,0.0,0.0
249,0.99,194,0.0,0.0
249,0.99,195,0.0,0.0
249,0.99,196,0.0,0.0
249,0.99,197,0.0,0.0
249,0.99,198,0.0,0.0
249,0.99,199,0.0,0.0
249,0.99,200,0.0,0.0
249,0.99,201,0.0,0.0
249,0.99,202,0.0,0.0
249,0.99,203,0.0,0.0
249,0.99,204,0.0,0.0
249,0.99,205,0.0,0.0
249,0.99,206,0.0,0.0
249,0.99,207,0.0,0.0
249,0.99,208,0.0,0.0
249,0.99,209,0.0,0.0
249,0.99,210,0.0,0.0
249,0.99,211,0.0,0.0
249,0.99,212,0.0,0.0
249,0.99,213,0.0,0.0
249,0.99,214,0.0,0.0
249,0.99,215,0.0,0.0
249,0.99,216,0.0,0.0
249,0.99,217,0.0,0.0
249,0.99,218,0.0,0.0
249,0.99,219,0.0,0.0
249,0.99,220,0.0,0.0
249,0.99,221,0.0,0.0
249,0.99,222,0.0,0.0
249,0.99,223,0.0,0.0
249,0.99,224,0.0,0.0
249,0.99,225,0.0,0.0
249,0.99,226,0.0,0.0
249,0.99,227,0.0,0.0
249,0.99,228,0.0,0.0
249,0.99,229,0.0,0.0
249,0.99,230,0.0,0.0
249,0.99,231,0.0,0.0
249,0.99,232,0.0,0.0
249,0.99,233,0.0,0.0
249,0.99,234,0.0,0.0
249,0.99,235,0.0,0.0
249,0.99,236,0.0,0.0
249,0.99,237,0.0,0.0
249,0.99,238,0.0,0.0
249,0.99,239,0.0,0.0
249,0.99,240,0.0,0.0
249,0.99,241,0.0,0.0
249,0.99,242,0.0,0.0
249,0.99,243,0.0,0.0
249,0.99,244,0.0,0.0
249,0.99,245,0.0,0.0
249,0.99,246,0.0,0.0
249,0.99,247,0.0,0.0
249,0.99,248,0.0,0.0
249,0.99,249,0.0,0.0
