file,composer,alpha_level,records,zero_breaches,all_breaches,mean_p_before,mean_p_corrected,pass_rate_before,pass_rate_corrected,changed_5pct_decisions
results-oos.csv,block_bootstrap,0.95,41600,40,0,0.28332293151759624,0.2833229319333607,0.6365384615384615,0.6365384615384615,0
results-oos.csv,garch_t,0.95,38600,243,0,0.27671982671909645,0.2767198294411687,0.6244818652849741,0.6244818652849741,0
results-oos.csv,gaussian,0.95,41600,121,0,0.3104471527419341,0.3104471539996214,0.6998317307692308,0.6998317307692308,0
results-oos.csv,hybrid,0.95,41600,27,0,0.28595014890760523,0.2859501491882462,0.6421153846153846,0.6421153846153846,0
results-oos.csv,naive,0.95,41600,93,0,0.2779897450527748,0.27798974601942705,0.6568990384615384,0.6568990384615384,0
results-oos.csv,residual_jumphmm,0.95,41600,22,0,0.29980361724474713,0.2998036174734175,0.6696875,0.6696875,0
results-oos.csv,block_bootstrap,0.99,41600,1911,0,0.33020477241148727,0.3313657610244756,0.7343509615384616,0.7343509615384616,0
results-oos.csv,garch_t,0.99,38600,2388,0,0.3244417174992384,0.3260052525499964,0.7197668393782384,0.7197668393782384,0
results-oos.csv,gaussian,0.99,41600,807,0,0.30647535498010575,0.3069656311761714,0.7205528846153846,0.7205528846153846,0
results-oos.csv,hybrid,0.99,41600,3084,0,0.32681739820461253,0.3286910187605811,0.7248557692307692,0.7248557692307692,0
results-oos.csv,naive,0.99,41600,4822,0,0.365872769195407,0.3688022757845381,0.7830048076923077,0.7830048076923077,0
results-oos.csv,residual_jumphmm,0.99,41600,2685,0,0.3394187825940003,0.34104999893407023,0.7452403846153847,0.7452403846153847,0
results-oos-centered.csv,block_bootstrap,0.95,41600,40,0,0.28332293151759624,0.2833229319333607,0.6365384615384615,0.6365384615384615,0
results-oos-centered.csv,garch_t,0.95,38600,243,0,0.27671982671909645,0.2767198294411687,0.6244818652849741,0.6244818652849741,0
results-oos-centered.csv,gaussian,0.95,41600,121,0,0.3104471527419341,0.3104471539996214,0.6998317307692308,0.6998317307692308,0
results-oos-centered.csv,hybrid,0.95,41600,30,0,0.2952512026170053,0.2952512029288286,0.6626682692307693,0.6626682692307693,0
results-oos-centered.csv,naive,0.95,41600,98,0,0.2773809460123866,0.27738094703100946,0.6576201923076923,0.6576201923076923,0
results-oos-centered.csv,residual_jumphmm,0.95,41600,22,0,0.29980361724474713,0.2998036174734175,0.6696875,0.6696875,0
results-oos-centered.csv,block_bootstrap,0.99,41600,1911,0,0.33020477241148727,0.3313657610244756,0.7343509615384616,0.7343509615384616,0
results-oos-centered.csv,garch_t,0.99,38600,2388,0,0.3244417174992384,0.3260052525499964,0.7197668393782384,0.7197668393782384,0
results-oos-centered.csv,gaussian,0.99,41600,807,0,0.30647535498010575,0.3069656311761714,0.7205528846153846,0.7205528846153846,0
results-oos-centered.csv,hybrid,0.99,41600,3097,0,0.33192485162930974,0.3338063700669993,0.7337259615384616,0.7337259615384616,0
results-oos-centered.csv,naive,0.99,41600,4870,0,0.3709815158442719,0.37394018384283434,0.7892548076923077,0.7892548076923077,0
results-oos-centered.csv,residual_jumphmm,0.99,41600,2685,0,0.3394187825940003,0.34104999893407023,0.7452403846153847,0.7452403846153847,0
results-oos-centered-components.csv,hybrid,0.95,41600,30,0,0.2952512026170053,0.2952512029288286,0.6626682692307693,0.6626682692307693,0
results-oos-centered-components.csv,naive,0.95,41600,98,0,0.2773809460123866,0.27738094703100946,0.6576201923076923,0.6576201923076923,0
results-oos-centered-components.csv,hybrid,0.99,41600,3097,0,0.33192485162930974,0.3338063700669993,0.7337259615384616,0.7337259615384616,0
results-oos-centered-components.csv,naive,0.99,41600,4870,0,0.3709815158442719,0.37394018384283434,0.7892548076923077,0.7892548076923077,0
