ticker,converged,iterations,persistence,omega,nu,objective,old,max_coef_difference,reason
A,true,15,0.9836298028854155,0.16079943836533597,3.442977287299042,6621.368172426042,true,0.0,
AAL,true,19,0.9916009411319219,0.36217413252153796,4.299124227653983,8684.852493497932,true,0.0,
AAP,true,26,0.9964811931083061,0.12095204939837804,2.9844117320795465,7826.631381656072,true,0.0,
AAPL,true,11,0.9676652150015179,0.3181074030637557,3.7317566891033196,6665.2186454789335,true,0.0,
ABBV,true,14,0.8800972509947932,1.819130446341785,3.515103994108196,7128.098518321221,true,0.0,
ABT,true,13,0.9311085908516079,0.5534087787052689,4.024583294644236,6423.58568981939,true,0.0,
ACN,true,12,0.9670094264590329,0.19893285181272521,3.35162731620608,5939.44174514913,true,0.0,
ADBE,true,20,0.8685242063636035,2.9865328770391373,2.8895215683268014,7013.236251037326,true,0.0,
ADI,true,12,0.970475215264929,0.37924076027005943,3.713259126720002,6991.71171896331,true,0.0,
ADM,true,14,0.8799167721531292,1.455794630444342,3.927986244415237,6957.813572009231,true,0.0,
ADP,true,16,0.7993126446664961,1.3811615002819433,3.366234177475679,5992.091788983835,true,0.0,
ADSK,true,17,0.8008272566042607,3.3542363791097993,3.4218877418374776,7388.37307775053,true,0.0,
AEE,true,15,0.9323173273844962,0.5769435102593745,6.716153672696306,6766.813313135341,true,0.0,
AEP,true,13,0.9547041555222853,0.3807104853445879,6.348690125729733,6715.852901640091,true,0.0,
AES,true,14,0.9755299065511873,0.48739812595011106,4.646745618541759,7668.956849007425,true,0.0,
AFL,true,20,0.9962664856579463,0.026061058872843455,3.3234342108774153,6097.226794039523,true,0.0,
AIG,true,17,0.9901515078573736,0.20507760370118158,4.237380657321798,6914.966969957486,true,0.0,
AIZ,true,17,0.9848692129340789,0.1383409205026073,3.7038324226942896,6758.403498326283,true,0.0,
AJG,true,13,0.903174642144117,0.6217381170172722,4.5901672305393975,6002.605862818336,true,0.0,
AKAM,true,18,0.6015477259061003,7.425227475719906,2.827899990080681,7042.764372301818,true,0.0,
ALB,true,19,1.007423704885198,0.16068103923159296,3.3918420350692204,8266.423181023423,false,NaN,
ALGN,true,17,0.7979209887578991,6.880900963316413,3.258183404365374,8210.021461546858,true,0.0,
ALK,true,15,0.898795992684504,2.6574934934409433,4.593128570035583,8152.256252556178,true,0.0,
ALL,true,18,1.0002107771492803,0.016002876090514154,3.522389427065449,6424.647699914041,false,NaN,
ALLE,true,13,0.9068326711228467,0.8721498658117818,4.058009071601572,6681.662591218395,true,0.0,
AMAT,true,20,1.000697758796319,0.010086710353431635,3.6672784802440392,7807.609277989209,false,NaN,
AMD,true,17,0.7571419205911927,15.255149681227635,3.5913409977931177,9182.114310418592,true,0.0,
AME,true,13,0.8557094645004074,0.8071227010920379,4.319911559089539,5974.742014810319,true,0.0,
AMGN,true,13,0.9034103453070176,1.0734496584711746,3.843896614044261,6920.416206551784,true,0.0,
AMP,true,15,0.9811405112976184,0.22950923708974078,3.9176822809901135,6708.012726377451,true,0.0,
AMT,true,14,0.9902756057603084,0.14740564811422868,4.741421104812933,6963.053852281701,true,0.0,
AMZN,true,14,0.903948293052948,1.7952603097969675,3.4705531814260766,7278.489017439731,true,0.0,
ANSS,true,14,0.97910652732968,0.19676241567874467,3.8982308144355704,6660.547008917085,true,0.0,
AON,true,18,0.9865967096311603,0.10538614870543112,3.438415420937779,6199.2399623073825,true,0.0,
AOS,true,12,0.9158234807014275,1.0749108987971137,3.843117302328279,6945.747926641244,true,0.0,
APA,true,21,0.9968157471803931,0.2581673076865443,4.705019694948062,9022.988307441723,true,0.0,
APD,true,15,0.8491356984911275,1.4478470384159623,3.2270860366323766,6349.934001141075,true,0.0,
APH,true,17,0.9712938166662807,0.14978065664707146,4.188157013491583,5853.571802512282,true,0.0,
ARE,true,14,0.9919741013308496,0.08161877500792258,5.3200959638415695,6860.241732643546,true,0.0,
ATO,true,13,0.9529421088652581,0.376761933431689,5.888133431703533,6622.876677402461,true,0.0,
AVB,true,14,0.8945638372459499,0.9026677345901519,7.043608699884179,6714.983462772764,true,0.0,
AVGO,true,16,0.8153193154499191,3.8198188244697984,3.5210091377432273,7536.621156100763,true,0.0,
AVY,true,13,0.9647937755494856,0.35716145791851217,3.606068930349642,6568.61703620857,true,0.0,
AWK,true,13,0.9255633980194061,0.6683768126361471,6.443656783413846,6792.33631049106,true,0.0,
AXP,true,22,0.992708008111702,0.0829021760143819,3.223823977161275,6482.4359182371745,true,0.0,
AZO,true,14,0.9792294754296259,0.23332747737174664,4.000466534581828,6964.404293447259,true,0.0,
BA,true,18,0.999224449268988,0.1320359816903746,4.112448310052955,7583.337395325983,true,0.0,
BAC,true,14,0.9859490204695378,0.1865188358809524,4.78085303007229,7094.342130400323,true,0.0,
BAX,true,19,0.7508217907958873,3.6438990939232854,3.151783777909595,6765.559945233417,true,0.0,
BBY,true,20,0.7446220575089068,6.228347917046144,3.3611423868150356,7932.392731499631,true,0.0,
BDX,true,17,0.9925610952045092,0.0761865006113759,3.656890166248577,6463.782306695025,true,0.0,
BEN,true,19,0.9985342005104509,0.031795355649977174,4.0038866702401315,7062.877323299435,true,0.0,
BF.B,true,15,0.7325817598045431,2.924777987844302,3.4626973224473727,6776.052415456661,true,0.0,
BIO,true,14,1.0004133270853584,0.0,2.865798889562362,7207.907626375793,false,NaN,
BK,true,17,0.997940775154747,0.027347926420404744,3.9094932170131216,6685.798565020616,true,0.0,
BLK,true,15,0.9743707699690582,0.16596467872496493,5.144857157720511,6189.014097094044,true,0.0,
BMY,true,16,0.736007199295558,3.2728489269541194,3.4954791807608108,7021.7780464733,true,0.0,
BR,true,11,0.9380168193756813,0.40641720874224874,3.9602896110960764,6230.14934615224,true,0.0,
BRK.B,true,13,0.9396688341513612,0.20339602715156851,6.107484080182751,5378.443385748515,true,0.0,
BRO,true,16,0.9095749917287351,0.5850447686769903,3.936255125655064,6056.410547422891,true,0.0,
BSX,true,16,0.8508641845652076,1.7475386064711886,3.551243452313727,6868.9771843491635,true,0.0,
BWA,true,15,0.994546469546461,0.13877657727431236,4.422272933970833,7721.509092089042,true,0.0,
BXP,true,21,0.9930366526496158,0.10792620367889447,6.786523711487169,7196.407770727539,true,0.0,
C,true,19,0.9920426965610347,0.10634406193823835,4.521434922562206,6987.402342728699,true,0.0,
CAG,true,14,0.8943695906778258,1.4801545238908063,3.3019449415818403,7073.488612726932,true,0.0,
CAH,true,16,0.8064089836211199,3.2828883043140165,3.3815036377893946,7223.167481826651,true,0.0,
CAT,true,14,0.9125798135465528,1.2730476918594535,3.5862580593197846,7141.989163689108,true,0.0,
CB,true,16,0.9861131589196155,0.2593789721114478,3.7323634819938287,6371.990064753498,true,0.0,
CBOE,true,15,0.9855811663268507,0.18512513254078863,5.167657770012343,7147.590917345013,true,0.0,
CCI,true,15,1.0002929758618293,0.022635101991274525,4.345576958205245,6925.600595512045,false,NaN,
CCL,true,25,1.0005681272652007,0.12509918995870487,4.286556529295188,8354.38788893148,false,NaN,
CDNS,true,11,0.9559483420827126,0.5944086422506986,3.4800553421312204,7001.730253331688,true,0.0,
CDW,true,13,0.9811326047266528,0.20861115168047575,3.2094266113050844,6755.039840777081,true,0.0,
CE,true,13,0.9525602563821616,0.6726986155747049,4.141982330152472,7251.291705479543,true,0.0,
CF,true,6,1.0090372327421262,0.0,4.913736766012853,8473.2549506715,false,NaN,
CHD,true,17,0.5041747502168493,5.350714421139202,3.457578257754467,6666.47108550518,true,0.0,
CHRW,true,22,0.9976835016443896,0.0386487944260548,3.1855692903566264,7039.309738255673,true,0.0,
CHTR,true,16,0.8052126369282793,4.182332567525335,3.4891518064877074,7532.311417369319,true,0.0,
CI,true,13,0.9798149851612701,0.3541366131078615,3.7601355565055243,7398.884141057767,true,0.0,
CINF,true,24,0.9999286936631318,0.026135362486871858,3.26473203001437,6547.388096247041,true,0.0,
CL,true,15,0.8479473968748045,1.0629020523748867,4.10047224621061,6185.898674817599,true,0.0,
CLX,true,21,0.9955832943868385,0.06068015603275119,3.5052587758294442,6851.191187276145,true,0.0,
CMA,true,19,0.9931656484293997,0.2009627144671125,4.221736338380871,7775.081936692646,true,0.0,
CMCSA,true,17,0.9950190155558243,0.06490545607307847,3.6485370969106805,6672.82092122615,true,0.0,
CME,true,14,0.9533780209424983,0.4583581500991314,4.730993535904178,6815.040390691644,true,0.0,
CMG,true,15,0.9225803766083454,2.096327274497839,2.976481157972467,7703.31800282057,true,0.0,
CMI,true,14,0.7880493330262004,2.441443939767436,4.104032830044296,6920.808232366562,true,0.0,
CMS,true,12,0.947787669318558,0.43020071600564525,6.5928693686664035,6704.366326894919,true,0.0,
CNC,true,17,0.8214461825606013,5.093440501792917,3.454306692315319,7953.368107641933,true,0.0,
CNP,true,18,0.9703475384025338,0.31650207803039854,5.297092675401939,6964.9488032475165,true,0.0,
COF,true,21,0.998288761232425,0.05068426732095013,3.865981014201929,7217.574937920543,true,0.0,
COO,true,15,0.889783770618062,1.327429070498569,3.478656457999311,6896.854261535008,true,0.0,
COP,true,17,0.9942087081562647,0.20096491226836324,5.583233144946799,7988.53726630146,true,0.0,
COST,true,15,0.9757666035882564,0.18451567339618052,3.3199855245773153,6258.797217792462,true,0.0,
CPB,true,12,0.9221026710430548,1.0748223993909107,3.701751812973944,7057.90692269158,true,0.0,
CPRT,true,13,0.8298242180096186,1.5221218354176356,3.8004725527448855,6552.399559586649,true,0.0,
CRL,true,18,1.0002825933833326,0.021630993001044093,3.3071210812587393,7442.929898705563,false,NaN,
CRM,true,14,0.9173247102530196,1.869287472210438,3.271233557005816,7408.702369248527,true,0.0,
CSCO,true,19,0.9685323583856204,0.23490742940329626,2.9717639113463,6143.31735744487,true,0.0,
CSX,true,16,0.7412310127212876,2.526271953310965,4.370360185164723,6828.847455501335,true,0.0,
CTAS,true,23,0.9999569834713473,0.012106006778944531,2.791529530861174,6131.401116306766,true,0.0,
CTSH,true,23,0.40160760906559906,6.908792703847828,3.0570901331039555,6623.634140209325,true,0.0,
CVS,true,23,1.0004667291822673,0.04125543974806439,3.189566548051777,7085.869072154988,false,NaN,
CVX,true,17,0.9937736973913495,0.122342226591285,5.1051868189897895,7052.1647205627605,true,0.0,
CZR,true,17,0.9314149896741881,6.73311221911522,3.3986730630229025,9074.267320862902,true,0.0,
D,true,15,0.9350122935855064,0.6317593914798267,5.77179279618764,6817.097531323376,true,0.0,
DAL,true,18,0.9927981322359619,0.16712870076698813,5.110452416343957,7986.266165426596,true,0.0,
DE,true,19,0.9963331642146336,0.0892251525959145,3.529373379834906,7140.013286931431,true,0.0,
DFS,true,25,0.9960854681557245,0.07565253230945124,3.5019803344932288,7165.435777497498,true,0.0,
DG,true,17,0.8300492140477436,2.9048134544304034,3.403895546504104,7321.804887177963,true,0.0,
DGX,true,13,0.9636981225358119,0.4829493023330051,3.499907372635546,6709.065160808068,true,0.0,
DHI,true,20,0.996121866805215,0.09616486198855304,4.238131322639621,7794.498671099681,true,0.0,
DHR,true,9,1.0055995823072146,0.0,3.091920760725598,6268.155984729294,false,NaN,
DIS,true,18,0.9947723347600588,0.05442822987041211,3.263562426007898,6623.642535169656,true,0.0,
DLR,true,12,0.9679868038957832,0.44955811333525686,4.884204436873374,7318.154875111559,true,0.0,
DLTR,true,17,0.8306889403065801,3.682691621254072,3.0577318293111966,7570.958067569704,true,0.0,
DOV,true,17,0.7502983148744327,2.341848806056974,3.817521474038684,6625.762685502111,true,0.0,
DPZ,true,19,0.6976417966081312,6.155636737711399,3.1742618987620896,7410.471027182956,true,0.0,
DRI,true,19,0.9877809127410266,0.17722086193645792,4.095638346431995,7443.173478590859,true,0.0,
DTE,true,14,0.9427741801135935,0.4858435073400163,5.855953734992758,6704.378027497538,true,0.0,
DUK,true,14,0.9682142619556189,0.25156943833128353,7.781531947817331,6603.626659673371,true,0.0,
DVA,true,18,1.0069073173356489,0.13045858168594726,2.666329028446609,7244.868867057363,false,NaN,
DVN,true,19,0.9970441566006808,0.24083005403243363,5.994803730034403,8791.126829076271,true,0.0,
EA,true,13,0.8898436336547524,1.9777642793131982,3.40006413685928,7305.5612955217075,true,0.0,
EBAY,true,18,0.8343280595790636,3.314978056141147,3.053096089964385,7250.970156839913,true,0.0,
ECL,true,14,0.9743184095954344,0.2922733320993171,3.2929423085014973,6058.027017813635,true,0.0,
ED,true,15,0.9566188988376663,0.36067774706461997,6.69690151652942,6684.01745579695,true,0.0,
EFX,true,16,0.9857415480473216,0.25367211434811965,3.2761854188506354,6777.368816809011,true,0.0,
EIX,true,14,0.9379351654904341,0.7404261467017816,4.785945306554503,7100.698188584698,true,0.0,
EL,true,22,0.9998377608486171,0.03218417324146025,2.9933632343685646,7039.995487990001,true,0.0,
EMN,true,8,1.004485979485126,0.0,4.296455635628517,7106.855436506282,false,NaN,
EMR,true,11,0.9468870497839299,0.4942503216751649,3.615123321049852,6531.374319086302,true,0.0,
ENPH,true,20,0.9906477181434414,1.3662202036117677,3.54237743973822,10342.295234668802,true,0.0,
EOG,true,17,0.961192447835868,1.2955484379763735,5.28143439033446,8303.722372813145,true,0.0,
EQIX,true,12,0.9643348015770701,0.47002593776334944,4.507128462260901,7140.402740863108,true,0.0,
EQR,true,17,0.9743097580032708,0.24024987353265026,6.983110662802574,6821.923757423473,true,0.0,
ESS,true,15,0.9700299274419856,0.2982134278297387,7.172816821401801,6918.57008286688,true,0.0,
ETN,true,12,0.9005909255653013,0.9437960752572103,4.0482533546494635,6601.445906373275,true,0.0,
ETR,true,13,0.903016941141977,0.9334650970978273,6.906831335079392,6934.75163397405,true,0.0,
EW,true,22,0.7366211424525415,4.47195783127038,3.1349117446883072,7343.505116328096,true,0.0,
EXC,true,16,0.8002463631096286,2.1129403581575787,5.024895350296978,6998.2693744224225,true,0.0,
EXPD,true,12,1.00114089447759,0.0,3.0157396208125697,6600.001246559313,false,NaN,
EXPE,true,15,0.8885299192315808,4.226293498747692,3.258202847303807,7916.328126768698,true,0.0,
EXR,true,13,0.9778371354981817,0.305239831340962,4.480964358283797,7236.310755831959,true,0.0,
F,true,20,1.0012550839460228,0.04462718283796401,3.205403976569613,7530.729896249909,false,NaN,
FANG,true,18,0.9843616725702234,0.6096605524208266,5.923619934482668,8782.782944489476,true,0.0,
FAST,true,20,0.445977615126807,5.95870829782383,3.361302167731333,6747.228249917731,true,0.0,
FCX,true,18,0.9967032566760851,0.3207840846201875,4.943878176698155,8921.90163324107,true,0.0,
FDX,true,21,0.9963995587054759,0.056011699006111325,3.0114621114951947,6951.948075234265,true,0.0,
FE,true,15,0.8883228505394187,1.1649753165095322,5.164756689822369,6997.227319346535,true,0.0,
FFIV,true,19,0.784192648515389,3.26081913190608,2.8970413400284816,6933.181340565547,true,0.0,
FIS,true,21,0.9958095551573263,0.037971386636259784,3.4549116808577125,6561.197254597881,true,0.0,
FITB,true,18,0.9870721852697465,0.26677942772278257,4.741734334849506,7434.317506634885,true,0.0,
FMC,true,15,0.9063704335502047,2.364023900554739,3.1793233605583535,7465.894708446052,true,0.0,
FOX,true,13,0.9644904061268443,0.6442389692881807,3.3118582085190718,7152.75394849077,true,0.0,
FOXA,true,14,0.9793239246858394,0.4786187924772819,3.1263342848554876,7232.312145502048,true,0.0,
FRT,true,20,0.9849946278129307,0.14047682810869183,5.962471237975842,6945.75606680705,true,0.0,
FTNT,true,18,0.55618639088169,12.14909831993082,3.1615813917285283,7849.810418573798,true,0.0,
GD,true,19,0.9930940700982414,0.054236353914369075,4.288489213800089,6334.518871477721,true,0.0,
GE,true,19,1.0049278283099254,0.0490071546506182,3.714803229042217,7298.70633420501,false,NaN,
GILD,true,10,0.9347998095495799,0.9229162558643922,3.940595379928407,7265.8178328386775,true,0.0,
GIS,true,15,0.9947898784521836,0.06410118861711467,3.985200795016965,6754.916617555024,true,0.0,
GLD,true,13,0.9869195810461854,0.07252624798625837,5.443300375703017,5989.961526869395,true,0.0,
GLW,true,19,0.5607269025833233,4.819353067402029,3.2681497321125796,6692.037850745073,true,0.0,
GM,true,20,1.0003478265557668,0.0599738273801299,3.585243278141539,7625.783667812022,false,NaN,
GNRC,true,17,0.9964926791013898,0.3432578892243412,3.3362654983025344,8260.413788543814,true,0.0,
GOOG,true,18,0.7817530565192834,2.4171494592991265,3.296889467335132,6591.744992131196,true,0.0,
GPC,true,17,0.9704289760673128,0.2751645846844092,3.7410046245074553,6555.149150246145,true,0.0,
GPN,true,19,0.9931624626285972,0.09951434038864021,3.4815727532087686,7056.821199230512,true,0.0,
GRMN,true,18,0.4011709017055899,6.314364812022929,3.0227423479860946,6555.884595120152,true,0.0,
GS,true,17,0.9952189093502213,0.047757205859688165,4.617968147700379,6688.33596794514,true,0.0,
GWW,true,14,0.870730027970009,1.6064949232466799,3.437663896453989,6961.245138828357,true,0.0,
HAL,true,19,0.9948908310783685,0.17519816242431469,5.523571604758113,8398.333261997515,true,0.0,
HAS,true,21,0.8267885856823023,5.415911932829002,2.8617890701900075,7337.2791575128185,true,0.0,
HBAN,true,17,0.9858377080777573,0.27125741840151574,4.376032781737495,7333.439729975274,true,0.0,
HBI,true,20,0.8375904985491752,13.929111956813035,2.832679312109402,8471.255257967206,true,0.0,
HCA,true,13,0.8710778807706961,2.3779482483794196,3.5068999026525383,7381.051663322676,true,0.0,
HD,true,12,0.9703418880054702,0.20599186699546695,4.761959238590465,6349.049257761551,true,0.0,
HES,true,17,0.9980446712073106,0.1351838697563434,6.196075109991374,8441.263233264463,true,0.0,
HIG,true,23,0.9930248407731833,0.05566230765662841,3.9920840619400066,6658.069493449776,true,0.0,
HII,true,11,0.9458716407745924,0.7781355394209942,3.5639883274505846,7179.605347800363,true,0.0,
HLT,true,16,0.9087087410060575,1.32453546612807,4.576221702065049,7065.356309162641,true,0.0,
HOLX,true,14,0.8737327001830558,1.673995045639127,3.48155409751309,6994.187279379302,true,0.0,
HON,true,15,0.993806216411111,0.04439927614704612,3.7830659886218294,5781.74007010785,true,0.0,
HPQ,true,17,0.8729575280721399,2.8989114480795117,2.9555723820640627,7286.438879282558,true,0.0,
HRL,true,16,0.48926603484709297,5.428699833181209,4.151932258906013,6867.363119059227,true,0.0,
HSIC,true,19,0.9997814860746285,0.03990396448834641,3.484971620239445,6824.376548193562,true,0.0,
HST,true,19,0.9962819000448015,0.07138831627660286,5.130895184060077,7353.9196650522335,true,0.0,
HSY,true,14,0.8646687000841219,1.1982514093453769,3.835421522226115,6586.551893596178,true,0.0,
HUM,true,20,0.7709005837614371,5.811210218845427,2.907765930814614,7460.320255313514,true,0.0,
IBM,true,20,0.9992800215807488,0.018296914126859236,2.888691820455996,6258.752103041059,true,0.0,
ICE,true,13,0.8267490255080417,1.3019500914099087,4.615515111554376,6472.656753642243,true,0.0,
IDXX,true,13,0.7747052081264201,3.5524563622610428,3.51297999233178,7271.540413960096,true,0.0,
IEX,true,13,0.8818823910451883,0.8229589019279151,4.350898419791306,6184.518086415819,true,0.0,
IFF,true,14,0.9361625482912417,1.2265387405546504,3.2066517073204643,6834.902647131359,true,0.0,
ILMN,true,17,0.7784647283738676,8.08173891088157,3.3001926368087395,8233.389577025135,true,0.0,
INCY,true,17,0.994441839154417,0.18522560387318135,4.12097266449564,8377.496544570286,true,0.0,
INTC,true,28,1.002639105820354,0.06804102580465744,2.734060125902183,7213.708874523056,false,NaN,
INTU,true,16,0.9872657092411038,0.16877269420094518,3.4826553687390853,6752.100532090376,true,0.0,
IP,true,15,0.9919493305157552,0.1296347842016455,3.8028964264378025,7165.383297667094,true,0.0,
IPG,true,22,0.9973287850539574,0.043854518772257066,3.735205100428616,7117.476703309561,true,0.0,
IPGP,true,19,0.6843531861387437,10.236458462443073,3.1923250819774585,7988.502801204761,true,0.0,
IR,true,24,0.9011693643410283,1.2620489864852245,3.5409862442763136,6759.2576599958575,true,0.0,
IRM,true,17,0.6362814228087939,5.629988483037594,3.622940109046594,7271.260620533898,true,0.0,
ISRG,true,21,0.7786462307713039,3.8321982433726074,2.9305973054243633,7043.19445405799,true,0.0,
IT,true,16,0.8316480197462166,1.9682228156033048,3.155187889258255,6607.806559103446,true,0.0,
ITW,true,13,0.9754772059002945,0.1613153896005207,4.497152526411152,5980.66958613771,true,0.0,
IVZ,true,21,0.9982928878008946,0.03518404180833342,4.905642261253082,7335.308869269806,true,0.0,
JBHT,true,13,0.9978819569795603,0.028723019030216748,4.828995626787281,7090.456456003081,true,0.0,
JCI,true,17,0.9825708348792447,0.17698311025462418,3.776638934562334,6784.591535268502,true,0.0,
JKHY,true,20,0.99025076943796,0.06477397147622091,4.234575174708857,6293.24749498479,true,0.0,
JNJ,true,12,0.9686515105099972,0.19374747024122307,4.177872230170592,6001.531233928503,true,0.0,
JNPR,true,20,0.5680237883853884,7.392644958879432,2.9006330863631145,6907.629577851379,true,0.0,
JPM,true,18,0.9964326084553811,0.0467695654224211,3.7361323810692584,6455.706499825091,true,0.0,
K,true,13,0.9267045936541953,0.9866215112294637,3.2818263709688993,6663.2105873471955,true,0.0,
KEY,true,23,0.9930685872345035,0.13301625636025313,4.565137689893493,7643.062940740226,true,0.0,
KIM,true,21,0.9911021400598087,0.1479990861993547,6.131709370250305,7404.637859891248,true,0.0,
KLAC,true,14,0.9768482173790807,0.5530799417522906,3.4276259383978407,7606.377120805639,true,0.0,
KMB,true,13,0.8969492611122788,0.9115993416601952,3.9592481226218617,6448.778159095637,true,0.0,
KMI,true,18,0.9618110922891802,0.5464248904486622,5.787865346053748,7243.884220209395,true,0.0,
KMX,true,15,0.9874479203830409,0.3190106093424479,3.2998479346553986,7827.464311032387,true,0.0,
KO,true,13,0.9333379418509936,0.35854032685431736,4.33325220335997,5887.4401295468,true,0.0,
KR,true,17,0.7031653669911269,6.008549742217904,3.422328105131114,7494.088697196114,true,0.0,
L,true,19,0.9953430504759361,0.03734196519113577,4.682803486479985,6195.299942617692,true,0.0,
LDOS,true,17,0.7417314138690954,3.8777919455861776,3.1152488116644523,6898.828210341779,true,0.0,
LEG,true,27,0.999579857417851,0.050156349648420834,3.4145381946572813,7212.068866568114,true,0.0,
LEN,true,18,0.9924244196088683,0.16734887566414572,5.1194545571793935,7787.573656073065,true,0.0,
LH,true,13,0.9568663703222398,0.5926648941925524,3.3547294234749954,6771.65632930331,true,0.0,
LKQ,true,16,0.8383912807564469,2.4506037643130987,3.7560767704593765,7133.721622709441,true,0.0,
LLY,true,15,0.9856211039904609,0.30982636117510803,3.2814669276222856,7155.550348784149,true,0.0,
LMT,true,18,0.9919195404618041,0.07700568643917693,3.6175019738297736,6455.858553151695,true,0.0,
LNC,true,18,0.9874532953225823,0.4166724110192872,4.359649893586686,7800.706132077127,true,0.0,
LNT,true,12,0.9525245566031346,0.40675470296646177,6.760072374284248,6730.228251123948,true,0.0,
LOW,true,14,0.8447795225047214,1.7158363153810208,3.6422298901867345,6873.683711032629,true,0.0,
LRCX,true,13,0.9592678301640382,1.1041080018937972,3.750644349244645,7855.282050382544,true,0.0,
LUV,true,16,0.9959285430702831,0.12425042083715351,3.9469559396464504,7841.144619673054,true,0.0,
LVS,true,18,0.996188246634462,0.14376334164718374,3.9894098088390932,8047.965214934107,true,0.0,
LYB,true,16,0.9859026286118521,0.28661046884118496,4.7929739991529985,7558.15449830553,true,0.0,
LYV,true,17,0.9757486453775381,0.7615645327492577,3.246745466674555,7560.561850071191,true,0.0,
MA,true,31,0.7963450585463205,1.9034135103085135,3.599673098519428,6362.355691123905,true,0.0,
MAA,true,13,0.9713835601597551,0.26709934984110184,6.298275559282045,6832.904514849532,true,0.0,
MAR,true,20,0.9921944790918459,0.1403403609706914,4.440693503840223,7051.431351622614,true,0.0,
MAS,true,12,0.9067987809772415,1.0902050025110654,4.082540567858062,7058.1002429680475,true,0.0,
MCD,true,13,0.9153960180774531,0.5536773879969972,3.7942392535391734,6057.6196496352595,true,0.0,
MCHP,true,19,0.9981952750333897,0.10407770346836182,3.7876861127030335,7481.958450266855,true,0.0,
MCK,true,15,0.7927633847187074,3.4065209522233615,3.4950371843847683,7254.230477971763,true,0.0,
MCO,true,14,0.978249683267758,0.16714565835258902,4.089690477746292,6294.4962723596145,true,0.0,
MDLZ,true,13,0.8994706250093313,0.7531715694179237,3.9771556798563252,6369.267819205489,true,0.0,
MDT,true,14,0.9875382119244814,0.11047848911471006,3.552378743940652,6391.270435843923,true,0.0,
MET,true,16,0.9891333765247374,0.1539883766304851,4.019293061225569,6940.1452412873805,true,0.0,
MGM,true,19,0.9896371660858668,0.2871772379781933,4.245169857315796,8060.881954984046,true,0.0,
MHK,true,22,0.9969412162904948,0.06114176959242575,3.425851305087988,7630.707598793979,true,0.0,
MKC,true,13,0.8914312864348647,1.083240092775515,3.5560335552599267,6621.165413949955,true,0.0,
MKTX,true,20,0.9967678763931968,0.076415598844163,3.593028625662077,7831.754853506742,true,0.0,
MLM,true,10,0.9614346939626176,0.6218090385510597,3.9964653793358895,7435.499007912273,true,0.0,
MMC,true,13,0.899974702406491,0.48043547391079994,4.026681954408408,5635.822429284939,true,0.0,
MMM,true,22,1.0000214122933375,0.02322834735890299,3.0063427774604867,6257.7818195074715,false,NaN,
MNST,true,23,0.3928129500243712,8.598792378950519,3.1304304572364816,7051.8077405677095,true,0.0,
MO,true,22,0.9981416876965329,0.03381801237097745,3.5117061941478216,6749.026062516503,true,0.0,
MOS,true,17,1.003030463290492,0.06486125532788563,4.823487807721829,8391.704416417575,false,NaN,
MPC,true,17,0.9910434940692456,0.25192699812535435,5.429426004472856,8185.188754977955,true,0.0,
MPWR,true,17,0.994911874419256,0.1413947071985491,3.988266077859657,7897.022612795359,true,0.0,
MRK,true,14,0.9087499006781453,0.9068496297942507,3.9048360473591424,6661.501590420938,true,0.0,
MS,true,15,0.9947247014361571,0.05673835603934094,5.073613062343093,6936.829999574803,true,0.0,
MSCI,true,13,0.860025227871553,1.6906294274126183,4.24653440979426,6919.6264177688045,true,0.0,
MSFT,true,16,0.8101877958309625,1.468841503710764,3.886591251467485,6211.302289526471,true,0.0,
MSI,true,16,0.885600264252206,1.2768795226576177,3.1540816409381116,6413.606782807985,true,0.0,
MTB,true,17,0.9963441263629881,0.1656179588998293,4.195259160568172,7207.794713429582,true,0.0,
MTD,true,19,0.9981096516817628,0.03160999434533105,4.110139533203754,6842.605365498774,true,0.0,
MU,true,14,0.9928751273337841,0.26586751110946866,4.578035646533457,8621.70161097097,true,0.0,
NCLH,true,20,0.9995844276092178,0.26707783137721874,3.8110181439038455,8705.840215229544,true,0.0,
NDAQ,true,12,0.868730349440747,0.9742775416116348,4.534719137547052,6396.826407624052,true,0.0,
NEE,true,13,0.9630315766436225,0.40031508830062684,4.515377316358683,6885.474924572957,true,0.0,
NEM,true,14,0.9939861854603907,0.22272834740284497,4.272433020147815,8410.498289888945,true,0.0,
NFLX,true,18,0.9887804825688493,0.3868186918160013,3.1261045791514737,8310.996882887403,true,0.0,
NI,true,23,0.8269173498119923,1.725040352206881,5.0949240953175154,6927.397218845999,true,0.0,
NKE,true,29,0.9999382037433362,0.019985400265499994,2.8843233615485904,6928.374848719654,true,0.0,
NOC,true,24,0.9978311822811046,0.04214148843505217,3.536482104743659,6796.813120524745,true,0.0,
NOW,true,12,0.9411062921061508,1.6353662815777268,3.6947955939390744,8043.453738478709,true,0.0,
NRG,true,13,0.9456606352290866,1.5581351415620248,4.196287299516809,8087.87382858452,true,0.0,
NSC,true,12,0.9800380025860042,0.23223284879500272,4.0944591793486875,6948.607913884775,true,0.0,
NTAP,true,24,0.9976376275721778,0.03800834963989781,3.0891877260131158,7354.127724621239,true,0.0,
NTRS,true,18,0.999069998079545,0.03431884566367632,3.3439525837941813,6807.389123119929,true,0.0,
NUE,true,16,0.9978942087609304,0.06185128864763695,4.536760098084336,7681.82448345675,true,0.0,
NVDA,true,13,0.9888129826281484,0.3693460801417677,3.8046334473254286,8336.203131464652,true,0.0,
NVR,true,15,0.9781038807650861,0.33604212577363246,4.670924772050857,7352.278949631917,true,0.0,
NWL,true,28,1.0042390051367427,0.11951932596738826,2.7337527683383134,7929.8029970802845,false,NaN,
NWS,true,14,0.7877533678812247,2.772722400416383,3.865909568264529,7096.007375887544,true,0.0,
NWSA,true,14,0.8101766873625595,2.5940799393815777,3.669249967039271,7096.705011307873,true,0.0,
NXPI,true,16,0.9986571041387728,0.21395492870104113,4.4612289069745845,7810.362031416569,true,0.0,
O,true,19,0.9582327305944601,0.3905401093815858,6.545162489395509,6931.647196145599,true,0.0,
ODFL,true,14,0.8278221395232397,2.498420465301725,4.649907192266479,7320.778570357144,true,0.0,
OKE,true,23,0.985563396371421,0.33916457975283765,5.063833757970553,7802.451758527957,true,0.0,
OMC,true,22,0.9941939344775602,0.07483474006124648,3.7232535648063627,6727.355128900481,true,0.0,
ORCL,true,16,0.8322448275159157,2.0219076232190765,2.9488571940028976,6425.349256841125,true,0.0,
ORLY,true,13,0.9130153093415471,1.0396348467947485,3.565349248257986,6943.344255679192,true,0.0,
OXY,true,8,1.0318100214584471,0.0,2.8241985425759135,8157.104823388266,false,NaN,
PAYX,true,18,0.9926156058710927,0.04048166501410455,3.868548194535129,6022.9822183820415,true,0.0,
PCAR,true,14,0.861169391428674,1.4018268079324707,3.898814123116086,6796.372064249322,true,0.0,
PEG,true,12,0.9713664091965554,0.257309852560178,7.158178067387696,6816.477589868124,true,0.0,
PENN,true,23,0.9903804696881078,0.5090619616432523,4.868893864140363,8903.512389817006,true,0.0,
PEP,true,14,0.9642149093665557,0.19308349395360014,4.649849091610005,5952.584061615251,true,0.0,
PFE,true,14,0.9955781767964058,0.23558928820269529,4.017919086147203,6683.41012379807,true,0.0,
PFG,true,18,0.996493243885034,0.05079809491328044,4.152448472009981,6892.591260835965,true,0.0,
PG,true,13,0.9624828938227005,0.23566059910567635,4.046707886492227,6006.211270435191,true,0.0,
PGR,true,20,0.9947477443677869,0.06914819830728405,3.6687372079487144,6631.240716425863,true,0.0,
PH,true,13,0.94636729111098,0.6588633676858363,4.134182158657425,6788.015627447105,true,0.0,
PHM,true,15,0.988681233051055,0.24618585169138751,4.833657258881711,7773.664326985529,true,0.0,
PKG,true,16,0.7858226065336045,2.8341843045027826,3.6255622752038277,7042.840961177246,true,0.0,
PLD,true,14,0.9797424365682398,0.20160587065380486,6.7572446613620665,6858.852249045263,true,0.0,
PM,true,14,0.9752232519525242,0.24871455320346028,3.9412086238125763,6648.908786981046,true,0.0,
PNC,true,18,0.9988968522577484,0.041894696559902314,4.833336960215641,6808.079829177454,true,0.0,
PNR,true,18,0.7679216279412503,2.638765278785526,3.908182756109485,6938.4884934676675,true,0.0,
PNW,true,12,0.9431190590863401,0.5446818437597817,7.572615531060162,6867.133970875705,true,0.0,
POOL,true,16,0.9909935641616276,0.14191719848334605,4.008240541872996,7171.817500438056,true,0.0,
PPG,true,22,0.5095829952305433,6.219523046947429,3.11014722353821,6627.280444247366,true,0.0,
PPL,true,13,0.9298119252084045,0.6230262643379911,5.573947301219068,6753.2756102498715,true,0.0,
PRU,true,15,0.9787053347584065,0.27386682272685814,4.339484587353346,6914.423937547279,true,0.0,
PSA,true,15,0.9911445410802322,0.11132517596604857,5.2885691059336475,6912.520343443455,true,0.0,
PSX,true,6,1.0201886850121062,0.0,3.93246630036145,7612.56565674379,false,NaN,
PTC,true,16,0.7204825364037762,4.453434076059279,3.460503797701182,7122.566863998455,true,0.0,
PVH,true,14,0.9290227688042322,2.7213081147640534,3.938921761117014,8288.478819064836,true,0.0,
PWR,true,13,0.8822881347042567,2.0201792798404568,3.3625296695523375,7325.925729512078,true,0.0,
QCOM,true,22,0.9989976789575089,0.1162398866462236,2.778707251327199,7359.25959741742,true,0.0,
QQQ,true,14,0.9812495302651076,0.033330122295714706,6.480351362358017,4222.999623897591,true,0.0,
RCL,true,20,0.9968337166292828,0.26000723607513715,3.9567511032101326,8292.14939704453,true,0.0,
REG,true,19,0.9763810063032441,0.24191876491098777,5.4937492720850445,7011.209778292296,true,0.0,
RF,true,14,0.9702653554109015,0.5319539985776298,5.612781330708519,7583.463304060448,true,0.0,
RHI,true,13,0.9040710458758168,1.3388073683451376,3.5119793943582702,7098.664730310302,true,0.0,
RJF,true,16,0.9826764677993377,0.1984814257744239,4.757393728606324,6945.986494049131,true,0.0,
RL,true,13,0.8695528166516486,3.394564551828944,3.7123625958480035,7885.396558921296,true,0.0,
RMD,true,23,0.40975846966538393,11.83446178993301,2.77410144855871,7094.529739944971,true,0.0,
ROK,true,15,0.871018138791869,1.7534996988682139,3.1449227699644937,6777.211346804469,true,0.0,
ROL,true,17,0.9932100835388702,0.09078187411877676,3.2318129836847986,6704.995857867878,true,0.0,
ROP,true,14,0.9908910715591347,0.05254193650957913,3.7499648948922153,5972.697825048304,true,0.0,
ROST,true,14,0.8617816514415663,2.0477373938335397,3.6280725548051764,7156.646745343801,true,0.0,
RSG,true,15,0.9840285900865635,0.0956460860536019,4.013803240637801,5836.597481372146,true,0.0,
SBAC,true,15,0.994609900476314,0.1052255814442467,4.274603729825457,7272.74829800579,true,0.0,
SBUX,true,14,0.8921126907230895,1.0698277002585432,3.489284375218407,6672.365280681615,true,0.0,
SCHW,true,13,0.984939815984865,0.29377358156122574,3.6827256005248614,7534.317443854219,true,0.0,
SEE,true,13,0.9411280979149063,1.0795573901294038,3.5813653729793606,7323.523438181802,true,0.0,
SHW,true,11,0.9400666652564412,0.6057138776483139,3.4946767385397477,6639.5664636688025,true,0.0,
SJM,true,19,0.9949327613718257,0.07009725329665077,3.796523960988375,6936.831182525361,true,0.0,
SLB,true,20,0.9983879680467935,0.09968188420138732,4.833804605048258,7940.795928883955,true,0.0,
SLV,true,16,0.9933334661959483,0.14110949586359253,4.373792098620153,7506.935058448034,true,0.0,
SNA,true,20,0.9975755158998264,0.039515501140481336,3.22171160525995,6603.879947979378,true,0.0,
SNPS,true,21,1.0014937204992185,0.010931437998752043,3.38096955284738,6663.084558459477,false,NaN,
SO,true,16,0.9461175467886234,0.43339793659335846,7.037670884397466,6650.406064170329,true,0.0,
SPG,true,21,0.98487101326844,0.23158416417541697,5.251909241555676,7316.004022773203,true,0.0,
SPYG,true,16,0.9958303434480317,0.0038926763173222274,6.937640960465888,2887.083974672506,true,0.0,
SRE,true,16,0.960580048833819,0.34989063909959944,6.266187628178085,6762.794149617769,true,0.0,
STE,true,15,0.9958322905825101,0.04225044868663437,3.9023746704840967,6723.044147954048,true,0.0,
STT,true,21,0.9965411345142733,0.051211605049495026,3.7323089210619953,7095.229631119066,true,0.0,
STX,true,16,0.9826715754890587,0.514207815441915,3.091622168359118,8010.469406641674,true,0.0,
STZ,true,11,0.9449793702963761,0.623648372759563,3.4532132012050143,6811.845897902405,true,0.0,
SWK,true,21,1.0006415090937182,0.03203206321009705,3.442583876807723,6947.628832649429,false,NaN,
SWKS,true,17,0.6405093148302614,7.593570537466535,3.79424093477977,7786.5456385329335,true,0.0,
SYK,true,12,0.9542734626919134,0.41810244084554,3.6734962796320985,6408.883547196194,true,0.0,
SYY,true,27,0.996568684914766,0.053028503588465545,3.4212903179489484,6754.51158361988,true,0.0,
T,true,16,0.9073927519953972,1.2777841571034572,3.122118121306208,6626.131425142655,true,0.0,
TAP,true,16,0.8931703445175198,2.1778752448289165,3.265637070539662,7298.582890585991,true,0.0,
TDG,true,14,0.9490855897835677,0.7431925574308014,3.6794286162059904,7105.20266181596,true,0.0,
TDY,true,14,0.8090737716938268,1.6853039107654566,4.038081717963571,6573.413350603505,true,0.0,
TECH,true,19,0.6951298036553698,7.280829753431897,3.120290215823377,7441.513865304598,true,0.0,
TEL,true,11,0.9391808669177357,0.4603919529517895,3.874388996491468,6320.254950628912,true,0.0,
TER,true,12,1.0009037615007572,0.0,3.1287329083030184,7664.101640493425,false,NaN,
TFX,true,22,0.9989652604587138,0.040593277862425996,3.30620400636148,7004.294087647554,true,0.0,
TGT,true,18,0.7689450239278903,4.52131975404711,3.0261724821952556,7316.607178870996,true,0.0,
TJX,true,13,0.9245320896591488,0.7594740265594171,4.3768788633614095,6752.6564991530395,true,0.0,
TMO,true,12,0.9336506711605748,0.7089957498333676,3.721461737226631,6557.576050981082,true,0.0,
TMUS,true,16,0.8654377502840773,2.115426139677203,3.319690705255454,7103.709843636555,true,0.0,
TRMB,true,17,0.7120369539119836,4.045044692185105,3.468667999772265,7114.075594437942,true,0.0,
TROW,true,19,0.9970607055972701,0.03062041651875512,3.708843133182341,6403.825730750944,true,0.0,
TRV,true,26,0.998616166080808,0.021512015285968352,3.6991794631597323,6379.5147114530255,true,0.0,
TSCO,true,12,0.9761031521440628,0.3473328020639185,4.140794621999538,7384.339719512697,true,0.0,
TSLA,true,18,0.9917202053490158,0.5738070789489713,4.022292269507355,9305.011178160858,true,0.0,
TSN,true,18,0.7176612444232408,4.74089397926736,3.418480953126941,7325.1146424460085,true,0.0,
TTWO,true,14,0.98107568821893,0.47744357895300676,3.217850162693697,7836.98987365803,true,0.0,
TXN,true,14,0.9229485612526863,0.7851694718524473,3.743495993289594,6624.633024120055,true,0.0,
TXT,true,20,0.9868555067557241,0.15906437567263929,3.725162763353236,7005.147274487371,true,0.0,
TYL,true,13,0.9014196385753107,1.4619435250499768,3.827182000333391,7189.479183821031,true,0.0,
UA,true,22,0.48674582765423535,24.826548337902224,3.041202736111326,8642.521454288224,true,0.0,
UAL,true,18,0.9985317676899246,0.13715917570634187,3.7729108824752795,8534.89152660923,true,0.0,
UDR,true,16,0.9793872941869857,0.20085177481277658,7.776626058014559,6867.598504688232,true,0.0,
UHS,true,12,0.8393586697016997,3.1199682699017397,3.499542924904929,7505.631927109317,true,0.0,
ULTA,true,18,0.6884759678087534,7.037443490774274,3.627539113974565,7828.831545299071,true,0.0,
UNG,true,18,0.9965564337175349,0.4228000790464636,11.347898676907317,9351.508664936813,true,0.0,
UNH,true,14,0.941054007618376,0.8397542641312105,3.5967047818294375,6867.071567617916,true,0.0,
UNP,true,21,0.5791837807831448,4.327391435482226,3.637163749125805,6699.292010855084,true,0.0,
UPS,true,8,1.0091949645696727,0.0,3.0166265027130676,6419.660145338812,false,NaN,
URI,true,12,0.9728570045690735,0.6936250026756677,4.114568839401162,8100.565176452154,true,0.0,
USB,true,24,0.9995488016536072,0.03663189620105058,4.309300808927141,6646.374164278738,true,0.0,
V,true,13,0.9160416463525429,0.5547767969616889,3.7911279279964725,6059.821810261545,true,0.0,
VFC,true,23,1.0025979956547262,0.023060591283432262,3.07693296590333,7624.554089673793,false,NaN,
VLO,true,19,0.9963623613563455,0.10398755768870081,5.494263024075842,8161.880884852005,true,0.0,
VMC,true,17,0.9854064715617463,0.1936307158454815,4.072431911567847,7253.47697773963,true,0.0,
VNO,true,19,0.9944136528339458,0.14815960789697546,4.916032537459523,7574.615630682974,true,0.0,
VRSK,true,14,0.8998369286143995,0.7218983049394901,3.388251638157976,6137.329805351959,true,0.0,
VRSN,true,12,0.8139138319900819,1.7012469186553199,3.6091927953395784,6541.358162548289,true,0.0,
VTR,true,20,0.9766893300023554,0.3858256856910329,5.017859407156383,7566.523637817082,true,0.0,
VZ,true,18,0.9822371394502798,0.17006182189480681,3.892345798730808,6448.599611630117,true,0.0,
WAB,true,21,0.9984478169236862,0.023745487750660575,3.5430527618115497,7101.207078913498,true,0.0,
WAT,true,13,0.9679270335544168,0.5651093849872808,2.95667364374033,6841.4761352861115,true,0.0,
WDC,true,8,1.0074236764682363,0.0,3.125339567521222,8332.28804773812,false,NaN,
WEC,true,16,0.9333146073226244,0.5795553950653363,6.6693708493811865,6775.332561397054,true,0.0,
WFC,true,20,1.0028856326109514,0.025267218964035356,4.314557962357346,6934.394901699296,false,NaN,
WHR,true,10,1.000202851084644,0.0,3.4408531849944732,7670.8038556632255,false,NaN,
WM,true,14,0.9025708038246686,0.6008466902444075,3.7297318875024676,5889.262463408312,true,0.0,
WMB,true,21,0.9588842695811091,0.9487313462133224,4.76407001713136,7682.451952568854,true,0.0,
WMT,true,14,0.8464814099410558,1.2754904664298332,3.3898372823468756,6341.588152014098,true,0.0,
WRB,true,18,0.9925695857012885,0.06969172503860041,4.362082284949579,6455.423276921939,true,0.0,
WST,true,16,0.8978061749522763,1.8518202226824614,3.1984377230965344,7186.9177036640285,true,0.0,
WU,true,21,0.9954135193686893,0.06638548175188709,3.6282094842624435,6986.622318251347,true,0.0,
WY,true,15,0.9604210055675977,0.47971671776365327,6.3671561972493675,7061.671036782629,true,0.0,
WYNN,true,14,0.9900990271954475,0.6433734659331951,3.491077872473948,8660.449610580858,true,0.0,
XEL,true,14,0.940680943454763,0.495025713300204,6.5745477638742384,6707.814882376592,true,0.0,
XOM,true,21,0.9994370908303556,0.044061664124920824,6.591666202254171,6964.059394201642,true,0.0,
XRAY,true,13,0.9788617432338522,0.9186212809331584,3.1330583639908354,7097.53319063372,true,0.0,
XYL,true,14,0.8596085426134776,1.393942536284444,3.824383607467506,6582.298899067264,true,0.0,
YUM,true,17,0.8281602657340139,1.4110425365042656,3.83800773711283,6397.097356361507,true,0.0,
ZBRA,true,17,0.8286465657177354,4.455939023812579,2.94357731694511,7669.924636773774,true,0.0,
ZION,true,21,0.9884050821900342,0.2700318261019034,4.650064108437583,7786.478028463842,true,0.0,
ZTS,true,14,0.8797041976575499,1.287488636371171,3.932710140238133,6748.536032766216,true,0.0,
