-2.1579060791,-2.5043912345,3.1638306021
4.3362035331,0.2437345616,0.3522504473
1.3983976602,-0.4039715286,1.7598722185
1.4011629428,3.7849932318,6.8327799366
-1.8592045927,-0.4567829593,-0.2189826074
-1.9383543154,1.9282905425,-1.2323792156
-0.6949924410,-0.3227036692,0.8707263115
1.8530185008,-0.2940578578,0.4261120094
4.2183611877,-0.7301416200,-3.8849474977
0.0534553932,-0.1360527388,1.2078043422
-1.7107502854,3.0084733131,0.9179125530
2.9044148592,0.6828375604,0.2980608174
0.3110340901,-1.7062565707,0.3367621087
5.8120481212,-1.4229831259,-0.2173690879
-0.5448060334,-0.5803884191,3.3509122965
1.6835242997,-2.6732094938,0.3855390243
-1.3027982715,1.0295655368,5.0151965555
0.3766979064,-1.8629800887,1.1758462670
1.2121724259,1.2481206408,-1.3002101036
-0.3557699745,-0.3674826961,-0.4071153785
-2.2708050452,3.2983736537,3.1906035015
3.4469644222,1.8343761253,0.3820922852
-1.3364367556,3.7754016429,-0.2385915078
2.1557945309,0.0892206938,1.2235287695
2.1613939309,0.3597636616,2.9343216469
0.4125138678,-0.3562436732,-0.5054256490
2.7213697377,-0.5727674972,2.0108000955
-0.5352929322,3.3493512928,0.4100960472
0.8857416441,-0.3936412233,-1.9425292516
-1.5112116962,-1.3592272311,-3.8599049350
-1.9716765249,-0.2621892840,0.6386222538
1.4732400331,1.4396948405,0.8316754700
-0.2170668805,0.8461126781,-5.3200571654
1.6312439533,-3.0306357842,-0.4572457668
1.9024263519,-3.9018145864,0.3651254998
3.4443147508,3.5115149625,1.8537119096
-1.1279988264,-2.7350178349,-0.3057690591
0.1038222092,1.2476812623,1.9585675740
-3.7760707725,-0.9050484817,0.0214480349
1.4158019874,4.9938900314,3.9946200047
-2.1104433598,-0.0443779699,3.3874452613
0.0114694359,-0.0613264277,0.0959241340
2.6425535452,3.8243874571,-0.5510020922
4.2116332150,-1.6284366974,0.8064749451
-1.3110547170,3.7272438897,1.9145505872
1.8544029274,3.5036349519,-3.8712437383
-0.7824295523,-2.3142579959,-0.8731476968
4.6449722345,2.8351184207,-0.1878084200
-0.8910136677,-2.9680293486,-0.5498443336
-2.3780195705,-2.1737009202,-2.6242634818
-0.1439112651,1.7391412758,-0.8200390319
-1.3538052357,-2.5274578192,3.1470232036
0.7287663182,-0.9574509128,-1.0609192867
-1.1684232981,-2.4996163399,2.7359756641
-1.7124818525,-1.7414661384,-1.7835009422
5.3495745287,-5.3551965778,-2.9618223590
-0.4822771347,-5.8880317355,0.0005491836
-0.7074673932,1.0693668648,0.1503086095
-0.3649347191,-4.5775959496,0.7071235399
1.8315709447,-2.5698067269,0.6539876135
-0.3919681218,-3.1083583675,-4.6850021886
0.0404259693,4.5218687884,1.1359275643
-1.1527763354,-0.0750558225,-1.9401653534
-3.7155307417,-0.4652782712,0.8758039550
