0.9275695307,0.5794736177,0.5733604635
2.0191662073,-0.0407257554,0.0067807662
0.5141205199,-2.8156093659,3.1665161553
-4.4117510132,2.3420742499,-1.5125060528
-0.8496185066,-0.9505012496,-0.5449505716
-0.1980120465,-1.1326707348,-0.5650750399
2.4822305188,1.8456027442,0.6340813634
0.5460099526,0.1441299112,-3.7224067158
0.2742037890,1.9527486998,0.8847549432
0.6385869958,-0.7836810112,0.6423582826
-0.3080404838,-1.1114104581,2.1070790542
-1.5181407229,2.3523629077,0.8183118373
-2.6146680661,-0.9023539693,3.3637117142
0.5279687858,2.1610864910,1.6689009997
1.2537161397,-2.4900284343,1.9567692008
5.8981820645,1.2554377682,0.2101240258
