window,metric,value
is,acf_mae,0.035658339467038926
is,acf_se,0.00041496706503422353
is,ad_pass,0.2
is,ad_se,0.1412798640995949
is,coverage,17.17171717171717
is,coverage_se,0.4526352716259515
is,covered_quantile_levels,17.0
is,diversity,0.9841421012875752
is,diversity_se,5.352090462678671e-5
is,hellinger,0.13355405172987675
is,hellinger_se,0.0007474019804348682
is,ks_pass,0.6
is,ks_se,0.2442130217658346
is,kurt,5.705519281287965
is,kurt_se,0.16109577669479316
is,novelty,0.9839868307233152
is,novelty_se,0.00036841045406785987
is,w1,0.42050370696472117
is,w1_se,0.0025476063471103903
oos,acf_mae,0.03276097672415229
oos,acf_se,0.00027143624016999523
oos,ad_pass,44.800000000000004
oos,ad_se,1.572564784039119
oos,coverage,77.77777777777779
oos,coverage_se,2.8961626454566765
oos,covered_quantile_levels,77.0
oos,diversity,0.9471409179629233
oos,diversity_se,0.00014142298559030185
oos,hellinger,0.23962664627891742
oos,hellinger_se,0.0011173018159016147
oos,ks_pass,71.8
oos,ks_se,1.4229406171727619
oos,kurt,2.8844948712230245
oos,kurt_se,0.09628406871169322
oos,novelty,0.9448709913481749
oos,novelty_se,0.0013647495294019302
oos,w1,0.4880479799326792
oos,w1_se,0.005254951024700495
