window,metric,old,old_se,mle,mle_se,change
IS,ks_pass,42.1,1.56127832240123,98.4,0.396787096564392,56.300000000000004
IS,ad_pass,44.3,1.5708309902723463,96.8,0.556560868189635,52.5
IS,kurt,2.9808873115911783,0.02006877210416063,2.9808873115911774,0.020068772104160627,-8.881784197001252e-16
IS,acf_mae,0.05988232589612561,3.505518503690957e-5,0.05988624276331497,3.498125184274738e-5,3.916867189361628e-6
IS,coverage,35.35353535353536,1.1257457564427396,78.78787878787878,0.9988462272512375,43.434343434343425
IS,w1,0.13631825968807276,0.0006381925630441487,0.11929162164480024,0.0006702943808968153,-0.01702663804327252
IS,hellinger,0.07169526167877396,0.0001876312523949916,0.06892138287974661,0.0001844449138466293,-0.0027738787990273517
IS,novelty,0.9854964754956991,0.0003510328075376204,0.985496475495699,0.0003510328075376204,-1.1102230246251565e-16
IS,diversity,0.9848347556899292,5.4585379198742705e-5,0.9848347556899292,5.458537919873835e-5,0.0
OoS,ks_pass,87.9,1.0313049985334115,96.7,0.5648982209212561,8.799999999999997
OoS,ad_pass,92.5,0.8329165624478839,98.1,0.4317290817167639,5.599999999999994
OoS,kurt,2.758924438480457,0.054936029404034054,2.7589244384804585,0.05493602940403409,1.3322676295501878e-15
OoS,acf_mae,0.042603770612624915,8.188943716838258e-5,0.04260066875280298,8.113209008497616e-5,-3.101859821934283e-6
OoS,coverage,75.75757575757575,2.519867134585604,98.98989898989899,0.4488975692139013,23.23232323232324
OoS,w1,0.26765824833166707,0.00196281409583185,0.2423110047157822,0.0017469317117991482,-0.025347243615884862
OoS,hellinger,0.21085311503638898,0.0006435246224702026,0.20742598143640428,0.0006482894862768823,-0.0034271335999846997
OoS,novelty,0.9479110474598414,0.0012427593710316557,0.9479110474598414,0.0012427593710316557,0.0
OoS,diversity,0.9494063584463034,0.0001050144676800016,0.9494063584463034,0.00010501446768000087,0.0
