ticker,T,method,n_paths,seed,generator_mean,clipped,centered_terminal_residual_sd,fixed_mean_terminal_residual_sd,maximum_variance_change,maximum_beta_change
AAPL,249,naive,1000,20261269,0.23325915968662536,0,9.880651034588846e-17,0.27226853044966076,1.0658141036401503e-14,4.440892098500626e-16
AAPL,249,hybrid,1000,20261269,0.23325915968662536,0,9.289915810363472e-17,0.23882728295971994,2.1316282072803006e-14,6.661338147750939e-16
AAPL,2766,naive,1000,20263786,0.23325915968662536,0,6.555846571071778e-16,0.8726307809159034,1.0658141036401503e-14,6.661338147750939e-16
AAPL,2766,hybrid,1000,20263786,0.23325915968662536,0,4.474620779122709e-16,0.5990731069443693,7.105427357601002e-15,6.661338147750939e-16
JNJ,249,naive,1000,20261369,0.040747096299157015,0,6.358622127873329e-17,0.16377089725008176,3.552713678800501e-15,2.220446049250313e-16
JNJ,249,hybrid,1000,20261369,0.040747096299157015,0,5.773326301314403e-17,0.15355660527284748,1.0658141036401503e-14,3.3306690738754696e-16
JNJ,2766,naive,1000,20263886,0.040747096299157015,0,3.980664433741111e-16,0.568488166173393,3.552713678800501e-15,2.220446049250313e-16
JNJ,2766,hybrid,1000,20263886,0.040747096299157015,0,3.511683152934321e-16,0.4835248532297513,5.329070518200751e-15,3.3306690738754696e-16
QQQ,249,naive,1000,20261469,0.16205488564756113,0,8.149016362826744e-17,0.2003793047697084,7.105427357601002e-15,6.661338147750939e-16
QQQ,249,hybrid,1000,20261469,0.16205488564756113,0,2.0904600705527167e-17,0.048464395416152974,1.7763568394002505e-15,4.440892098500626e-16
QQQ,2766,naive,1000,20263986,0.16205488564756113,0,5.028555313464688e-16,0.6892719239054479,7.105427357601002e-15,4.440892098500626e-16
QQQ,2766,hybrid,1000,20263986,0.16205488564756113,0,1.9036720938584717e-16,0.25380067857377847,5.329070518200751e-15,6.661338147750939e-16
